﻿<?xml version="1.0" encoding="utf-8"?>
<ApplicationManifest xmlns:xsd="http://www.w3.org/2001/XMLSchema" xmlns:xsi="http://www.w3.org/2001/XMLSchema-instance" ApplicationTypeName="Netcore.ASF.FabricIngressType" ApplicationTypeVersion="1.6.5" xmlns="http://schemas.microsoft.com/2011/01/fabric" ManifestId="4e553ec4-6535-482f-8a75-a5f0ad2d736f">
  <Parameters>
    <Parameter Name="FabricIngress_InstanceCount" DefaultValue="-1" />
    <Parameter Name="FabricIngress_ASPNETCORE_ENVIRONMENT" DefaultValue="" />
    <Parameter Name="FabricIngress_Email" DefaultValue="admin@example.com" />
    <Parameter Name="FabricIngress_PfxPassword" DefaultValue="P@sswordForPFX!" />
  </Parameters>
  <!-- Import the ServiceManifest from the ServicePackage. The ServiceManifestName and ServiceManifestVersion 
       should match the Name and Version attributes of the ServiceManifest element defined in the 
       ServiceManifest.xml file. -->
  <ServiceManifestImport>
    <ServiceManifestRef ServiceManifestName="FabricIngressPkg" ServiceManifestVersion="1.6.5" />
    <ConfigOverrides>
      <ConfigOverride Name="Config">
        <Settings>
          <Section Name="LettuceEncryptConfig">
            <Parameter Name="EmailAddress" Value="[FabricIngress_Email]" />
            <Parameter Name="PfxPassword" Value="[FabricIngress_PfxPassword]" />
          </Section>
        </Settings>
      </ConfigOverride>
    </ConfigOverrides>
    <EnvironmentOverrides CodePackageRef="code">
      <EnvironmentVariable Name="ASPNETCORE_ENVIRONMENT" Value="[FabricIngress_ASPNETCORE_ENVIRONMENT]" />
    </EnvironmentOverrides>
    <Policies>
      <!-- Do not enable this except for testing -->
      <!-- <RunAsPolicy CodePackageRef="Code" UserRef="LocalSystemAccount" EntryPointType="All" /> -->
    </Policies>
  </ServiceManifestImport>
  <DefaultServices>
    <!-- The section below creates instances of service types, when an instance of this 
         application type is created. You can also create one or more instances of service type using the 
         ServiceFabric PowerShell module.

         The attribute ServiceTypeName below must match the name defined in the imported ServiceManifest.xml file. -->
    <Service Name="FabricIngress" ServicePackageActivationMode="ExclusiveProcess">
      <StatelessService ServiceTypeName="FabricIngressType" InstanceCount="[FabricIngress_InstanceCount]">
        <SingletonPartition />
      </StatelessService>
    </Service>
  </DefaultServices>
  <Principals>
    <!-- <Users> -->
    <!-- Do not enable this except for testing -->
    <!-- <User Name="LocalSystemAccount" AccountType="LocalSystem" /> -->
    <!-- </Users> -->
  </Principals>
</ApplicationManifest>